model_name,steps,time_elapsed,final_score,number_of_crashes,varying_wind, wind_strength
LLC_FFF_C0FF_5,49984,30.00405,2633.422,11,False,40
LLC_FFF_C0FF_5,149964,30.00468,3096.508,10,False,40
LLC_FFF_C0FF_5,249972,30.01192,3319.792,6,False,40
LLC_FFF_C0FF_5,349991,30.01478,3459.357,0,False,40
LLC_FFF_C0FF_5,449959,30.00753,3547.603,0,False,40
LLC_FFF_C0FF_5,549991,30.00109,3576.891,0,False,40
LLC_FFF_C0FF_5,649959,30.00751,3554.414,0,False,40
LLC_FFF_C0FF_5,749991,30.00377,3603.771,0,False,40
LLC_FFF_C0FF_5,849959,30.01889,3593.401,0,False,40
LLC_FFF_C0FF_5,949991,30.00399,3598.504,0,False,40
LLC_FFF_C0FF_5,1000039,30.00652,3589.782,0,False,40
