{
    "name": "root",
    "gauges": {
        "Flying.Policy.Entropy.mean": {
            "value": 1.0803577899932861,
            "min": 1.0803577899932861,
            "max": 1.5797514915466309,
            "count": 50
        },
        "Flying.Policy.Entropy.sum": {
            "value": 21468.869140625,
            "min": 21400.728515625,
            "max": 31873.06640625,
            "count": 50
        },
        "Flying.Environment.EpisodeLength.mean": {
            "value": 9.03370786516854,
            "min": 9.03370786516854,
            "max": 55.064516129032256,
            "count": 5
        },
        "Flying.Environment.EpisodeLength.sum": {
            "value": 804.0,
            "min": 804.0,
            "max": 17070.0,
            "count": 5
        },
        "Flying.Step.mean": {
            "value": 999997.0,
            "min": 19977.0,
            "max": 999997.0,
            "count": 50
        },
        "Flying.Step.sum": {
            "value": 999997.0,
            "min": 19977.0,
            "max": 999997.0,
            "count": 50
        },
        "Flying.Policy.ExtrinsicValueEstimate.mean": {
            "value": 116.52628326416016,
            "min": 12.41299819946289,
            "max": 116.69059753417969,
            "count": 50
        },
        "Flying.Policy.ExtrinsicValueEstimate.sum": {
            "value": 36472.7265625,
            "min": 14535.62109375,
            "max": 36524.15625,
            "count": 50
        },
        "Flying.Environment.CumulativeReward.mean": {
            "value": 8.30121067903015,
            "min": 8.30121067903015,
            "max": 58.502522371469006,
            "count": 5
        },
        "Flying.Environment.CumulativeReward.sum": {
            "value": 738.8077504336834,
            "min": 738.8077504336834,
            "max": 18135.78193515539,
            "count": 5
        },
        "Flying.Policy.ExtrinsicReward.mean": {
            "value": 8.30121067903015,
            "min": 8.30121067903015,
            "max": 58.502522371469006,
            "count": 5
        },
        "Flying.Policy.ExtrinsicReward.sum": {
            "value": 738.8077504336834,
            "min": 738.8077504336834,
            "max": 18135.78193515539,
            "count": 5
        },
        "Flying.Losses.PolicyLoss.mean": {
            "value": 0.07057726964509735,
            "min": 0.06503806890298922,
            "max": 0.07596234652834635,
            "count": 50
        },
        "Flying.Losses.PolicyLoss.sum": {
            "value": 0.35288634822548676,
            "min": 0.26679310180285637,
            "max": 0.37981173264173174,
            "count": 50
        },
        "Flying.Losses.ValueLoss.mean": {
            "value": 0.0019696757291967518,
            "min": 0.0011237935544765301,
            "max": 90.97326031823953,
            "count": 50
        },
        "Flying.Losses.ValueLoss.sum": {
            "value": 0.00984837864598376,
            "min": 0.004495574636924478,
            "max": 363.8930412729581,
            "count": 50
        },
        "Flying.Policy.LearningRate.mean": {
            "value": 3.034598988500002e-06,
            "min": 3.034598988500002e-06,
            "max": 0.0002969142760285749,
            "count": 50
        },
        "Flying.Policy.LearningRate.sum": {
            "value": 1.517299494250001e-05,
            "min": 1.517299494250001e-05,
            "max": 0.0014565783144739,
            "count": 50
        },
        "Flying.Policy.Epsilon.mean": {
            "value": 0.1010115,
            "min": 0.1010115,
            "max": 0.198971425,
            "count": 50
        },
        "Flying.Policy.Epsilon.sum": {
            "value": 0.5050575,
            "min": 0.41985399999999995,
            "max": 0.9855261000000002,
            "count": 50
        },
        "Flying.Policy.Beta.mean": {
            "value": 1.4956350000000008e-05,
            "min": 1.4956350000000008e-05,
            "max": 0.0004949599825000001,
            "count": 50
        },
        "Flying.Policy.Beta.sum": {
            "value": 7.478175000000004e-05,
            "min": 7.478175000000004e-05,
            "max": 0.0024290778900000003,
            "count": 50
        },
        "Flying.IsTraining.mean": {
            "value": 1.0,
            "min": 1.0,
            "max": 1.0,
            "count": 50
        },
        "Flying.IsTraining.sum": {
            "value": 1.0,
            "min": 1.0,
            "max": 1.0,
            "count": 50
        }
    },
    "metadata": {
        "timer_format_version": "0.1.0",
        "start_time_seconds": "1691188077",
        "python_version": "3.9.17 (main, Jul  5 2023, 20:41:20) \n[GCC 11.2.0]",
        "command_line_arguments": "/home/joshua/miniconda3/envs/mlAgents/bin/mlagents-learn config/LLL_TFF.yaml --run-id=LLL_TFF_C0FF_1",
        "mlagents_version": "0.30.0",
        "mlagents_envs_version": "0.30.0",
        "communication_protocol_version": "1.5.0",
        "pytorch_version": "1.11.0+cu102",
        "numpy_version": "1.21.2",
        "end_time_seconds": "1691188833"
    },
    "total": 755.8054035810019,
    "count": 1,
    "self": 0.004696912001236342,
    "children": {
        "run_training.setup": {
            "total": 0.007948819999000989,
            "count": 1,
            "self": 0.007948819999000989
        },
        "TrainerController.start_learning": {
            "total": 755.7927578490016,
            "count": 1,
            "self": 1.2957662308654108,
            "children": {
                "TrainerController._reset_env": {
                    "total": 7.0566868930000055,
                    "count": 1,
                    "self": 7.0566868930000055
                },
                "TrainerController.advance": {
                    "total": 747.3788678391393,
                    "count": 64096,
                    "self": 1.2256480631076556,
                    "children": {
                        "env_step": {
                            "total": 458.37278012697425,
                            "count": 64096,
                            "self": 386.5122060706053,
                            "children": {
                                "SubprocessEnvManager._take_step": {
                                    "total": 71.12756870853627,
                                    "count": 64096,
                                    "self": 3.843655213342572,
                                    "children": {
                                        "TorchPolicy.evaluate": {
                                            "total": 67.2839134951937,
                                            "count": 62529,
                                            "self": 67.2839134951937
                                        }
                                    }
                                },
                                "workers": {
                                    "total": 0.733005347832659,
                                    "count": 64096,
                                    "self": 0.0,
                                    "children": {
                                        "worker_root": {
                                            "total": 754.3074655642413,
                                            "count": 64096,
                                            "is_parallel": true,
                                            "self": 436.5814226674556,
                                            "children": {
                                                "run_training.setup": {
                                                    "total": 0.0,
                                                    "count": 0,
                                                    "is_parallel": true,
                                                    "self": 0.0,