{
    "name": "root",
    "gauges": {
        "Flying.Policy.Entropy.mean": {
            "value": 1.596877932548523,
            "min": 1.1113454103469849,
            "max": 1.596877932548523,
            "count": 50
        },
        "Flying.Policy.Entropy.sum": {
            "value": 31937.55859375,
            "min": 22226.908203125,
            "max": 31957.48828125,
            "count": 50
        },
        "Flying.Environment.EpisodeLength.mean": {
            "value": 16.40625,
            "min": 6.701989443767763,
            "max": 1290.5,
            "count": 36
        },
        "Flying.Environment.EpisodeLength.sum": {
            "value": 21525.0,
            "min": 376.0,
            "max": 251256.0,
            "count": 36
        },
        "Flying.Step.mean": {
            "value": 999937.0,
            "min": 19986.0,
            "max": 999937.0,
            "count": 50
        },
        "Flying.Step.sum": {
            "value": 999937.0,
            "min": 19986.0,
            "max": 999937.0,
            "count": 50
        },
        "Flying.Policy.ExtrinsicValueEstimate.mean": {
            "value": 9.159496307373047,
            "min": -1.3453140258789062,
            "max": 113.7466049194336,
            "count": 50
        },
        "Flying.Policy.ExtrinsicValueEstimate.sum": {
            "value": 14371.25,
            "min": -3559.700927734375,
            "max": 35602.6875,
            "count": 50
        },
        "Flying.Environment.CumulativeReward.mean": {
            "value": 9.956953186155637,
            "min": -1.5210830706989182,
            "max": 1362.8267706520855,
            "count": 36
        },
        "Flying.Environment.CumulativeReward.sum": {
            "value": 13063.522580236197,
            "min": -3633.8674558997154,
            "max": 264919.80111190677,
            "count": 36
        },
        "Flying.Policy.ExtrinsicReward.mean": {
            "value": 9.956953186155637,
            "min": -1.5210830706989182,
            "max": 1362.8267706520855,
            "count": 36
        },
        "Flying.Policy.ExtrinsicReward.sum": {
            "value": 13063.522580236197,
            "min": -3633.8674558997154,
            "max": 264919.80111190677,
            "count": 36
        },
        "Flying.Losses.PolicyLoss.mean": {
            "value": 0.14603920710821208,
            "min": 0.0656565293744077,
            "max": 0.3376235852600076,
            "count": 50
        },
        "Flying.Losses.PolicyLoss.sum": {
            "value": 0.5841568284328483,
            "min": 0.26709407598125356,
            "max": 1.6881179263000379,
            "count": 50
        },
        "Flying.Losses.ValueLoss.mean": {
            "value": 39.62114856764674,
            "min": 0.028883734399087098,
            "max": 54.608405649662025,
            "count": 50
        },
        "Flying.Losses.ValueLoss.sum": {
            "value": 158.48459427058697,
            "min": 0.14441867199543548,
            "max": 254.02221759563935,
            "count": 50
        },
        "Flying.Policy.LearningRate.mean": {
            "value": 0.0003,
            "min": 0.0003,
            "max": 0.00030000000000000003,
            "count": 50
        },
        "Flying.Policy.LearningRate.sum": {
            "value": 0.0012,
            "min": 0.0012,
            "max": 0.0015,
            "count": 50
        },
        "Flying.Policy.Epsilon.mean": {
            "value": 0.10102337500000003,
            "min": 0.10102337500000003,
            "max": 0.198963475,
            "count": 50
        },
        "Flying.Policy.Epsilon.sum": {
            "value": 0.4040935000000001,
            "min": 0.4040935000000001,
            "max": 0.9854602000000001,
            "count": 50
        },
        "Flying.Policy.Beta.mean": {
            "value": 0.0005000000000000001,
            "min": 0.0005000000000000001,
            "max": 0.0005000000000000001,
            "count": 50
        },
        "Flying.Policy.Beta.sum": {
            "value": 0.0020000000000000005,
            "min": 0.0020000000000000005,
            "max": 0.0025000000000000005,
            "count": 50
        },
        "Flying.IsTraining.mean": {
            "value": 1.0,
            "min": 1.0,
            "max": 1.0,
            "count": 50
        },
        "Flying.IsTraining.sum": {
            "value": 1.0,
            "min": 1.0,
            "max": 1.0,
            "count": 50
        }
    },
    "metadata": {
        "timer_format_version": "0.1.0",
        "start_time_seconds": "1691073713",
        "python_version": "3.9.7 (default, Sep 16 2021, 23:53:23) \n[Clang 12.0.0 ]",
        "command_line_arguments": "/Users/jacklippold/miniforge3/envs/unity-mla/bin/mlagents-learn config/CCL_FFF.yaml --run-id=CCL_FFF_C0TT_1",
        "mlagents_version": "0.28.0",
        "mlagents_envs_version": "0.28.0",
        "communication_protocol_version": "1.5.0",
        "pytorch_version": "1.8.0.post3",
        "numpy_version": "1.23.1",
        "end_time_seconds": "1691074622"
    },
    "total": 908.153441709,
    "count": 1,
    "self": 0.007008167000094545,
    "children": {
        "run_training.setup": {
            "total": 0.04238108400000007,
            "count": 1,
            "self": 0.04238108400000007
        },
        "TrainerController.start_learning": {
            "total": 908.104052458,
            "count": 1,
            "self": 1.1044431329966073,
            "children": {
                "TrainerController._reset_env": {
                    "total": 1.171981625,
                    "count": 1,
                    "self": 1.171981625
                },
                "TrainerController.advance": {
                    "total": 905.7918594500034,
                    "count": 103153,
                    "self": 0.957479678990012,
                    "children": {
                        "env_step": {
                            "total": 663.7529120989994,
                            "count": 103153,
                            "self": 624.0492661930148,
                            "children": {
                                "SubprocessEnvManager._take_step": {
                                    "total": 38.91604480799259,
                                    "count": 103153,
                                    "self": 1.8969057819948674,
                                    "children": {
                                        "TorchPolicy.evaluate": {
                                            "total": 37.019139025997724,
                                            "count": 62529,
                                            "self": 3.79438737800362,
                                            "children": {
                                                "TorchPolicy.sample_actions": {
                                                    "total": 33.224751647994104,
                                                    "count": 62529,
                                                    "self": 33.224751647994104
                                                }
                                            }
                                        }
                                    }
                                },
                                "workers": {
                                    "total": 0.787601097992054,
                                    "count": 103153,
                                    "self": 0.0,
                                    "children": {
                                        "worker_root": {
                                            "total": 905.4252747059844,
                                            "count": 103153,
                                            "is_parallel": true,
                                            "self": 335.2396060079508,