{
    "name": "root",
    "gauges": {
        "Flying.Policy.Entropy.mean": {
            "value": 1.2374379634857178,
            "min": 1.2374379634857178,
            "max": 1.4267137050628662,
            "count": 59
        },
        "Flying.Policy.Entropy.sum": {
            "value": 12453.576171875,
            "min": 12210.96875,
            "max": 14898.841796875,
            "count": 59
        },
        "Flying.Step.mean": {
            "value": 589971.0,
            "min": 9970.0,
            "max": 589971.0,
            "count": 59
        },
        "Flying.Step.sum": {
            "value": 589971.0,
            "min": 9970.0,
            "max": 589971.0,
            "count": 59
        },
        "Flying.Policy.ExtrinsicValueEstimate.mean": {
            "value": 113.83162689208984,
            "min": 3.627929210662842,
            "max": 116.5639419555664,
            "count": 59
        },
        "Flying.Policy.ExtrinsicValueEstimate.sum": {
            "value": 17757.734375,
            "min": 609.4921264648438,
            "max": 18238.681640625,
            "count": 59
        },
        "Flying.Environment.EpisodeLength.mean": {
            "value": 94.0,
            "min": 88.57142857142857,
            "max": 31529.0,
            "count": 18
        },
        "Flying.Environment.EpisodeLength.sum": {
            "value": 282.0,
            "min": 282.0,
            "max": 31529.0,
            "count": 18
        },
        "Flying.Environment.CumulativeReward.mean": {
            "value": 48.21600898106893,
            "min": 48.21600898106893,
            "max": 36041.28972244263,
            "count": 18
        },
        "Flying.Environment.CumulativeReward.sum": {
            "value": 144.6480269432068,
            "min": 144.6480269432068,
            "max": 36041.28972244263,
            "count": 18
        },
        "Flying.Policy.ExtrinsicReward.mean": {
            "value": 48.21600898106893,
            "min": 48.21600898106893,
            "max": 36041.28972244263,
            "count": 18
        },
        "Flying.Policy.ExtrinsicReward.sum": {
            "value": 144.6480269432068,
            "min": 144.6480269432068,
            "max": 36041.28972244263,
            "count": 18
        },
        "Flying.Losses.PolicyLoss.mean": {
            "value": 0.06939415448141517,
            "min": 0.06006922046681854,
            "max": 0.08012283210700843,
            "count": 59
        },
        "Flying.Losses.PolicyLoss.sum": {
            "value": 0.13878830896283034,
            "min": 0.12013844093363708,
            "max": 0.23752311736079534,
            "count": 59
        },
        "Flying.Losses.ValueLoss.mean": {
            "value": 0.48877291746127105,
            "min": 0.2601726093950371,
            "max": 126.44605372349422,
            "count": 59
        },
        "Flying.Losses.ValueLoss.sum": {
            "value": 0.9775458349225421,
            "min": 0.5203452187900742,
            "max": 252.89210744698843,
            "count": 59
        },
        "Flying.Policy.LearningRate.mean": {
            "value": 0.000291229637923455,
            "min": 0.000291229637923455,
            "max": 0.00029990691753102746,
            "count": 59
        },
        "Flying.Policy.LearningRate.sum": {
            "value": 0.00058245927584691,
            "min": 0.00058245927584691,
            "max": 0.000898885755371415,
            "count": 59
        },
        "Flying.Policy.Epsilon.mean": {
            "value": 0.19707654500000002,
            "min": 0.19707654500000002,
            "max": 0.1999689725,
            "count": 59
        },
        "Flying.Policy.Epsilon.sum": {
            "value": 0.39415309000000004,
            "min": 0.39415309000000004,
            "max": 0.599628585,
            "count": 59
        },
        "Flying.Policy.Beta.mean": {
            "value": 0.0005000000000000001,
            "min": 0.0005000000000000001,
            "max": 0.0005000000000000001,
            "count": 59
        },
        "Flying.Policy.Beta.sum": {
            "value": 0.0010000000000000002,
            "min": 0.0010000000000000002,
            "max": 0.0015000000000000005,
            "count": 59
        },
        "Flying.IsTraining.mean": {
            "value": 1.0,
            "min": 1.0,
            "max": 1.0,
            "count": 59
        },
        "Flying.IsTraining.sum": {
            "value": 1.0,
            "min": 1.0,
            "max": 1.0,
            "count": 59
        }
    },
    "metadata": {
        "timer_format_version": "0.1.0",
        "start_time_seconds": "1681340316",
        "python_version": "3.9.7 (default, Sep 16 2021, 23:53:23) \n[Clang 12.0.0 ]",
        "command_line_arguments": "/Users/jacklippold/miniforge3/envs/unity-mla/bin/mlagents-learn config/config12.yaml --run-id=Jack-mode-right-4 --force",
        "mlagents_version": "0.28.0",
        "mlagents_envs_version": "0.28.0",
        "communication_protocol_version": "1.5.0",
        "pytorch_version": "1.8.0.post3",
        "numpy_version": "1.23.1",
        "end_time_seconds": "1681340925"
    },
    "total": 608.541105166,
    "count": 1,
    "self": 0.005781791999993402,
    "children": {
        "run_training.setup": {
            "total": 0.016825457999999904,
            "count": 1,
            "self": 0.016825457999999904
        },
        "TrainerController.start_learning": {
            "total": 608.518497916,
            "count": 1,
            "self": 0.4420551480014865,
            "children": {
                "TrainerController._reset_env": {
                    "total": 16.097361708,
                    "count": 1,
                    "self": 16.097361708
                },
                "TrainerController.advance": {
                    "total": 591.8814789769986,
                    "count": 37175,
                    "self": 0.38001846500196734,
                    "children": {
                        "env_step": {
                            "total": 456.63861024700236,
                            "count": 37175,
                            "self": 425.59171340399405,
                            "children": {
                                "SubprocessEnvManager._take_step": {
                                    "total": 30.738678950002704,
                                    "count": 37175,
                                    "self": 1.1623073789996603,
                                    "children": {
                                        "TorchPolicy.evaluate": {
                                            "total": 29.576371571003044,
                                            "count": 37084,
                                            "self": 2.4952103829984402,
                                            "children": {
                                                "TorchPolicy.sample_actions": {
                                                    "total": 27.081161188004604,
                                                    "count": 37084,
                                                    "self": 27.081161188004604
                                                }
                                            }
                                        }
                                    }
                                },
                                "workers": {
                                    "total": 0.30821789300561164,
                                    "count": 37174,
                                    "self": 0.0,
                                    "children": {
                                        "worker_root": {
                                            "total": 530.7795347339976,
                                            "count": 37174,
                                            "is_parallel": true,
                                            "self": 191.766049263997,