{
    "name": "root",
    "gauges": {
        "Flying.Policy.Entropy.mean": {
            "value": 1.2005584239959717,
            "min": 1.199734091758728,
            "max": 1.548659086227417,
            "count": 100
        },
        "Flying.Policy.Entropy.sum": {
            "value": 12044.001953125,
            "min": 11792.455078125,
            "max": 16024.8720703125,
            "count": 100
        },
        "Flying.Step.mean": {
            "value": 999937.0,
            "min": 9990.0,
            "max": 999937.0,
            "count": 100
        },
        "Flying.Step.sum": {
            "value": 999937.0,
            "min": 9990.0,
            "max": 999937.0,
            "count": 100
        },
        "Flying.Policy.ExtrinsicValueEstimate.mean": {
            "value": 68.51484680175781,
            "min": -23.825672149658203,
            "max": 71.45756530761719,
            "count": 100
        },
        "Flying.Policy.ExtrinsicValueEstimate.sum": {
            "value": 10825.345703125,
            "min": -4765.13427734375,
            "max": 11290.294921875,
            "count": 100
        },
        "Flying.Environment.EpisodeLength.mean": {
            "value": 1157.0,
            "min": 127.45,
            "max": 2577.6666666666665,
            "count": 100
        },
        "Flying.Environment.EpisodeLength.sum": {
            "value": 4628.0,
            "min": 2302.0,
            "max": 17994.0,
            "count": 100
        },
        "Flying.Environment.CumulativeReward.mean": {
            "value": 718.4681644439697,
            "min": -62.178475856781006,
            "max": 1795.2602181434631,
            "count": 100
        },
        "Flying.Environment.CumulativeReward.sum": {
            "value": 2873.872657775879,
            "min": -4971.991132736206,
            "max": 11762.266632556915,
            "count": 100
        },
        "Flying.Policy.ExtrinsicReward.mean": {
            "value": 718.4681644439697,
            "min": -62.178475856781006,
            "max": 1795.2602181434631,
            "count": 100
        },
        "Flying.Policy.ExtrinsicReward.sum": {
            "value": 2873.872657775879,
            "min": -4971.991132736206,
            "max": 11762.266632556915,
            "count": 100
        },
        "Flying.Losses.PolicyLoss.mean": {
            "value": 0.10044800362003219,
            "min": 0.087835677373126,
            "max": 0.29132470223218354,
            "count": 100
        },
        "Flying.Losses.PolicyLoss.sum": {
            "value": 0.30134401086009655,
            "min": 0.175671354746252,
            "max": 0.7633737810217714,
            "count": 100
        },
        "Flying.Losses.ValueLoss.mean": {
            "value": 0.011436643435849369,
            "min": 0.008895531726951351,
            "max": 93.37149464044815,
            "count": 100
        },
        "Flying.Losses.ValueLoss.sum": {
            "value": 0.03430993030754811,
            "min": 0.017791063453902703,
            "max": 186.7429892808963,
            "count": 100
        },
        "Flying.Policy.LearningRate.mean": {
            "value": 1.5714994762000007e-06,
            "min": 1.5714994762000007e-06,
            "max": 0.00029811570062809997,
            "count": 100
        },
        "Flying.Policy.LearningRate.sum": {
            "value": 4.714498428600002e-06,
            "min": 4.714498428600002e-06,
            "max": 0.0008774226075257998,
            "count": 100
        },
        "Flying.Policy.Epsilon.mean": {
            "value": 0.10104760000000003,
            "min": 0.10104760000000003,
            "max": 0.2987438,
            "count": 100
        },
        "Flying.Policy.Epsilon.sum": {
            "value": 0.3031428000000001,
            "min": 0.206221,
            "max": 0.8849483999999999,
            "count": 100
        },
        "Flying.Policy.Beta.mean": {
            "value": 0.0005000000000000001,
            "min": 0.0005000000000000001,
            "max": 0.0005000000000000001,
            "count": 100
        },
        "Flying.Policy.Beta.sum": {
            "value": 0.0015000000000000005,
            "min": 0.0010000000000000002,
            "max": 0.0015000000000000005,
            "count": 100
        },
        "Flying.IsTraining.mean": {
            "value": 1.0,
            "min": 1.0,
            "max": 1.0,
            "count": 100
        },
        "Flying.IsTraining.sum": {
            "value": 1.0,
            "min": 1.0,
            "max": 1.0,
            "count": 100
        }
    },
    "metadata": {
        "timer_format_version": "0.1.0",
        "start_time_seconds": "1681230822",
        "python_version": "3.9.7 (default, Sep 16 2021, 23:53:23) \n[Clang 12.0.0 ]",
        "command_line_arguments": "/Users/jacklippold/miniforge3/envs/unity-mla/bin/mlagents-learn config/config11.yaml --run-id=Jack-Run19",
        "mlagents_version": "0.28.0",
        "mlagents_envs_version": "0.28.0",
        "communication_protocol_version": "1.5.0",
        "pytorch_version": "1.8.0.post3",
        "numpy_version": "1.23.1",
        "end_time_seconds": "1681231663"
    },
    "total": 841.309222,
    "count": 1,
    "self": 0.005075041999930363,
    "children": {
        "run_training.setup": {
            "total": 0.05902474999999996,
            "count": 1,
            "self": 0.05902474999999996
        },
        "TrainerController.start_learning": {
            "total": 841.245122208,
            "count": 1,
            "self": 0.8744602619995021,
            "children": {
                "TrainerController._reset_env": {
                    "total": 6.902237458,
                    "count": 1,
                    "self": 6.902237458
                },
                "TrainerController.advance": {
                    "total": 833.4426542790005,
                    "count": 64542,
                    "self": 0.7413381560120342,
                    "children": {
                        "env_step": {
                            "total": 620.9119469429883,
                            "count": 64542,
                            "self": 590.703039706983,
                            "children": {
                                "SubprocessEnvManager._take_step": {
                                    "total": 29.633735178005388,
                                    "count": 64542,
                                    "self": 2.2744164499864112,
                                    "children": {
                                        "TorchPolicy.evaluate": {
                                            "total": 27.359318728018977,
                                            "count": 62532,
                                            "self": 4.671787621015621,
                                            "children": {
                                                "TorchPolicy.sample_actions": {
                                                    "total": 22.687531107003355,
                                                    "count": 62532,
                                                    "self": 22.687531107003355
                                                }
                                            }
                                        }
                                    }
                                },
                                "workers": {
                                    "total": 0.5751720579998914,
                                    "count": 64542,
                                    "self": 0.0,
                                    "children": {
                                        "worker_root": {
                                            "total": 833.0355225240193,
                                            "count": 64542,
                                            "is_parallel": true,
                                            "self": 289.8842319410171,