{
    "name": "root",
    "gauges": {
        "Flying.Policy.Entropy.mean": {
            "value": 1.1698764562606812,
            "min": 1.1154289245605469,
            "max": 1.4404383897781372,
            "count": 50
        },
        "Flying.Policy.Entropy.sum": {
            "value": 23397.529296875,
            "min": 22290.73046875,
            "max": 29122.69140625,
            "count": 50
        },
        "Flying.Environment.EpisodeLength.mean": {
            "value": 47.932631578947365,
            "min": 4.958403787622591,
            "max": 329.9,
            "count": 40
        },
        "Flying.Environment.EpisodeLength.sum": {
            "value": 22768.0,
            "min": 465.0,
            "max": 184435.0,
            "count": 40
        },
        "Flying.Step.mean": {
            "value": 999993.0,
            "min": 19994.0,
            "max": 999993.0,
            "count": 50
        },
        "Flying.Step.sum": {
            "value": 999993.0,
            "min": 19994.0,
            "max": 999993.0,
            "count": 50
        },
        "Flying.Policy.ExtrinsicValueEstimate.mean": {
            "value": 36.45282745361328,
            "min": 5.303575038909912,
            "max": 115.5068130493164,
            "count": 50
        },
        "Flying.Policy.ExtrinsicValueEstimate.sum": {
            "value": 27959.318359375,
            "min": 16573.671875,
            "max": 36153.6328125,
            "count": 50
        },
        "Flying.Environment.CumulativeReward.mean": {
            "value": 48.755177712848315,
            "min": 4.4049506862981795,
            "max": 362.33152975283565,
            "count": 40
        },
        "Flying.Environment.CumulativeReward.sum": {
            "value": 23158.70941360295,
            "min": 409.9801331758499,
            "max": 204288.22180074453,
            "count": 40
        },
        "Flying.Policy.ExtrinsicReward.mean": {
            "value": 48.755177712848315,
            "min": 4.4049506862981795,
            "max": 362.33152975283565,
            "count": 40
        },
        "Flying.Policy.ExtrinsicReward.sum": {
            "value": 23158.70941360295,
            "min": 409.9801331758499,
            "max": 204288.22180074453,
            "count": 40
        },
        "Flying.Losses.PolicyLoss.mean": {
            "value": 0.0709377067129632,
            "min": 0.053160043123837875,
            "max": 0.08141532590343559,
            "count": 50
        },
        "Flying.Losses.PolicyLoss.sum": {
            "value": 0.35468853356481606,
            "min": 0.23640402223463752,
            "max": 0.380545700834773,
            "count": 50
        },
        "Flying.Losses.ValueLoss.mean": {
            "value": 17.507976208254696,
            "min": 0.04012119828742774,
            "max": 63.45894506573677,
            "count": 50
        },
        "Flying.Losses.ValueLoss.sum": {
            "value": 87.53988104127347,
            "min": 0.16048479314971095,
            "max": 279.17506625254947,
            "count": 50
        },
        "Flying.Policy.LearningRate.mean": {
            "value": 0.0003,
            "min": 0.0003,
            "max": 0.0003,
            "count": 50
        },
        "Flying.Policy.LearningRate.sum": {
            "value": 0.0014999999999999998,
            "min": 0.0012,
            "max": 0.0014999999999999998,
            "count": 50
        },
        "Flying.Policy.Epsilon.mean": {
            "value": 0.10108652,
            "min": 0.10108652,
            "max": 0.198969325,
            "count": 50
        },
        "Flying.Policy.Epsilon.sum": {
            "value": 0.5054326,
            "min": 0.42002849999999997,
            "max": 0.9855816000000002,
            "count": 50
        },
        "Flying.Policy.Beta.mean": {
            "value": 0.0005000000000000001,
            "min": 0.0005000000000000001,
            "max": 0.0005000000000000001,
            "count": 50
        },
        "Flying.Policy.Beta.sum": {
            "value": 0.0025000000000000005,
            "min": 0.0020000000000000005,
            "max": 0.0025000000000000005,
            "count": 50
        },
        "Flying.IsTraining.mean": {
            "value": 1.0,
            "min": 1.0,
            "max": 1.0,
            "count": 50
        },
        "Flying.IsTraining.sum": {
            "value": 1.0,
            "min": 1.0,
            "max": 1.0,
            "count": 50
        }
    },
    "metadata": {
        "timer_format_version": "0.1.0",
        "start_time_seconds": "1690892925",
        "python_version": "3.9.7 (default, Sep 16 2021, 23:53:23) \n[Clang 12.0.0 ]",
        "command_line_arguments": "/Users/jacklippold/miniforge3/envs/unity-mla/bin/mlagents-learn config/CCL_FFF.yaml --run-id=CCL_FFF_C0FF_1",
        "mlagents_version": "0.28.0",
        "mlagents_envs_version": "0.28.0",
        "communication_protocol_version": "1.5.0",
        "pytorch_version": "1.8.0.post3",
        "numpy_version": "1.23.1",
        "end_time_seconds": "1690893779"
    },
    "total": 854.237898,
    "count": 1,
    "self": 0.006750291999878755,
    "children": {
        "run_training.setup": {
            "total": 0.05204070800000027,
            "count": 1,
            "self": 0.05204070800000027
        },
        "TrainerController.start_learning": {
            "total": 854.179107,
            "count": 1,
            "self": 0.9343229360104033,
            "children": {
                "TrainerController._reset_env": {
                    "total": 1.1915063329999995,
                    "count": 1,
                    "self": 1.1915063329999995
                },
                "TrainerController.advance": {
                    "total": 852.0211311899897,
                    "count": 79109,
                    "self": 0.7830686889830076,
                    "children": {
                        "env_step": {
                            "total": 614.3651687160024,
                            "count": 79109,
                            "self": 571.8740248859976,
                            "children": {
                                "SubprocessEnvManager._take_step": {
                                    "total": 41.8490206330062,
                                    "count": 79109,
                                    "self": 1.9085217760078805,
                                    "children": {
                                        "TorchPolicy.evaluate": {
                                            "total": 39.94049885699832,
                                            "count": 62532,
                                            "self": 3.892216407003211,
                                            "children": {
                                                "TorchPolicy.sample_actions": {
                                                    "total": 36.048282449995106,
                                                    "count": 62532,
                                                    "self": 36.048282449995106
                                                }
                                            }
                                        }
                                    }
                                },
                                "workers": {
                                    "total": 0.6421231969984822,
                                    "count": 79109,
                                    "self": 0.0,
                                    "children": {
                                        "worker_root": {
                                            "total": 851.7789152300097,
                                            "count": 79109,
                                            "is_parallel": true,
                                            "self": 328.01020880700344,