{
    "name": "root",
    "gauges": {
        "Flying.Policy.Entropy.mean": {
            "value": 1.0859856605529785,
            "min": 1.0836368799209595,
            "max": 1.4187452793121338,
            "count": 100
        },
        "Flying.Policy.Entropy.sum": {
            "value": 10894.6083984375,
            "min": 10625.4287109375,
            "max": 14845.75,
            "count": 100
        },
        "Flying.Step.mean": {
            "value": 999987.0,
            "min": 9949.0,
            "max": 999987.0,
            "count": 100
        },
        "Flying.Step.sum": {
            "value": 999987.0,
            "min": 9949.0,
            "max": 999987.0,
            "count": 100
        },
        "Flying.Policy.ExtrinsicValueEstimate.mean": {
            "value": 92.13009643554688,
            "min": 7.136035919189453,
            "max": 92.49443054199219,
            "count": 100
        },
        "Flying.Policy.ExtrinsicValueEstimate.sum": {
            "value": 14464.4248046875,
            "min": 1334.438720703125,
            "max": 14474.3935546875,
            "count": 100
        },
        "Flying.Environment.EpisodeLength.mean": {
            "value": 817.3333333333334,
            "min": 131.84722222222223,
            "max": 2336.9,
            "count": 29
        },
        "Flying.Environment.EpisodeLength.sum": {
            "value": 7356.0,
            "min": 1536.0,
            "max": 23369.0,
            "count": 29
        },
        "Flying.Environment.CumulativeReward.mean": {
            "value": 680.8233644697401,
            "min": 74.443335864279,
            "max": 1944.9747550010682,
            "count": 29
        },
        "Flying.Environment.CumulativeReward.sum": {
            "value": 6127.410280227661,
            "min": 1227.7687301635742,
            "max": 19449.74755001068,
            "count": 29
        },
        "Flying.Policy.ExtrinsicReward.mean": {
            "value": 680.8233644697401,
            "min": 74.443335864279,
            "max": 1944.9747550010682,
            "count": 29
        },
        "Flying.Policy.ExtrinsicReward.sum": {
            "value": 6127.410280227661,
            "min": 1227.7687301635742,
            "max": 19449.74755001068,
            "count": 29
        },
        "Flying.Losses.PolicyLoss.mean": {
            "value": 0.09864641010297649,
            "min": 0.08970469424763369,
            "max": 0.10612760964630179,
            "count": 100
        },
        "Flying.Losses.PolicyLoss.sum": {
            "value": 0.2959392303089295,
            "min": 0.17940938849526739,
            "max": 0.31838282893890535,
            "count": 100
        },
        "Flying.Losses.ValueLoss.mean": {
            "value": 0.0006865395319954609,
            "min": 0.0006865395319954609,
            "max": 150.93894383642407,
            "count": 100
        },
        "Flying.Losses.ValueLoss.sum": {
            "value": 0.0020596185959863827,
            "min": 0.0016864789078215089,
            "max": 452.8168315092722,
            "count": 100
        },
        "Flying.Policy.LearningRate.mean": {
            "value": 1.7447994184333328e-06,
            "min": 1.7447994184333328e-06,
            "max": 0.00029814855061715,
            "count": 100
        },
        "Flying.Policy.LearningRate.sum": {
            "value": 5.234398255299998e-06,
            "min": 5.234398255299998e-06,
            "max": 0.0008776515074494998,
            "count": 100
        },
        "Flying.Policy.Epsilon.mean": {
            "value": 0.10116313333333334,
            "min": 0.10116313333333334,
            "max": 0.2987657,
            "count": 100
        },
        "Flying.Policy.Epsilon.sum": {
            "value": 0.3034894,
            "min": 0.20649480000000003,
            "max": 0.8851009999999999,
            "count": 100
        },
        "Flying.Policy.Beta.mean": {
            "value": 0.0005000000000000001,
            "min": 0.0005000000000000001,
            "max": 0.0005000000000000001,
            "count": 100
        },
        "Flying.Policy.Beta.sum": {
            "value": 0.0015000000000000005,
            "min": 0.0010000000000000002,
            "max": 0.0015000000000000005,
            "count": 100
        },
        "Flying.IsTraining.mean": {
            "value": 1.0,
            "min": 1.0,
            "max": 1.0,
            "count": 100
        },
        "Flying.IsTraining.sum": {
            "value": 1.0,
            "min": 1.0,
            "max": 1.0,
            "count": 100
        }
    },
    "metadata": {
        "timer_format_version": "0.1.0",
        "start_time_seconds": "1681325105",
        "python_version": "3.9.7 (default, Sep 16 2021, 23:53:23) \n[Clang 12.0.0 ]",
        "command_line_arguments": "/Users/jacklippold/miniforge3/envs/unity-mla/bin/mlagents-learn config/config11.yaml --run-id=Jack-Run24",
        "mlagents_version": "0.28.0",
        "mlagents_envs_version": "0.28.0",
        "communication_protocol_version": "1.5.0",
        "pytorch_version": "1.8.0.post3",
        "numpy_version": "1.23.1",
        "end_time_seconds": "1681325895"
    },
    "total": 790.455759917,
    "count": 1,
    "self": 0.003314126000077522,
    "children": {
        "run_training.setup": {
            "total": 0.017957125000000018,
            "count": 1,
            "self": 0.017957125000000018
        },
        "TrainerController.start_learning": {
            "total": 790.434488666,
            "count": 1,
            "self": 0.744906942998341,
            "children": {
                "TrainerController._reset_env": {
                    "total": 5.192927,
                    "count": 1,
                    "self": 5.192927
                },
                "TrainerController.advance": {
                    "total": 784.4696951810016,
                    "count": 62995,
                    "self": 0.639034502997788,
                    "children": {
                        "env_step": {
                            "total": 589.2073933740011,
                            "count": 62995,
                            "self": 562.9937217310126,
                            "children": {
                                "SubprocessEnvManager._take_step": {
                                    "total": 25.691534867003988,
                                    "count": 62995,
                                    "self": 1.865430347011447,
                                    "children": {
                                        "TorchPolicy.evaluate": {
                                            "total": 23.82610451999254,
                                            "count": 62526,
                                            "self": 3.9622548439932075,
                                            "children": {
                                                "TorchPolicy.sample_actions": {
                                                    "total": 19.863849675999333,
                                                    "count": 62526,
                                                    "self": 19.863849675999333
                                                }
                                            }
                                        }
                                    }
                                },
                                "workers": {
                                    "total": 0.5221367759844702,
                                    "count": 62995,
                                    "self": 0.0,
                                    "children": {
                                        "worker_root": {
                                            "total": 784.116322307991,
                                            "count": 62995,
                                            "is_parallel": true,
                                            "self": 264.914172099968,