{"count":1,"self":370.29667839999996,"total":1251.4647169999998,"children":{"InitializeActuators":{"count":16,"self":0.0010012,"total":0.0010012,"children":null},"InitializeSensors":{"count":16,"self":0.0010000999999999999,"total":0.0010000999999999999,"children":null},"AgentSendState":{"count":312683,"self":2.5220903999999997,"total":10.715427799999999,"children":{"CollectObservations":{"count":1000592,"self":1.8385365999999999,"total":1.8385365999999999,"children":null},"WriteActionMask":{"count":1000592,"self":0.4172029,"total":0.4172029,"children":null},"RequestDecision":{"count":1000592,"self":1.7209956,"total":5.9375979,"children":{"AgentInfo.ToProto":{"count":1000592,"self":1.6850252,"total":4.2166023,"children":{"GenerateSensorData":{"count":1000592,"self":2.5315772,"total":2.5315771,"children":null}}}}}}},"DecideAction":{"count":312683,"self":833.2110336,"total":833.2110177,"children":null},"AgentAct":{"count":312683,"self":37.077244799999995,"total":37.2395832,"children":{"AgentInfo.ToProto":{"count":22076,"self":0.0605922,"total":0.16233709999999998,"children":{"GenerateSensorData":{"count":22076,"self":0.1017449,"total":0.1017449,"children":null}}}}}},"gauges":{"Flying.CumulativeReward":{"count":22076,"max":32133.2,"min":-10.6826992,"runningAverage":44.09063,"value":-8.555407,"weightedAverage":3.95782018}},"metadata":{"timer_format_version":"0.1.0","start_time_seconds":"1691187006","unity_version":"2021.3.20f1","command_line_arguments":"C:\\Program Files\\Unity\\Hub\\Editor\\2021.3.20f1\\Editor\\Unity.exe -projectpath C:\\Users\\lipb1\\Documents\\UnityProjects\\3D\\Kite -useHub -hubIPC -cloudEnvironment production -licensingIpc LicenseClient-lipb1 -hubSessionId e65dceb7-e43f-4b0d-89f9-da780a44667f -accessToken hDOHhiZhRTDaSk6jheFYWZX7r7SXBxdj-WfhZq-3gmQ005f","communication_protocol_version":"1.5.0","com.unity.ml-agents_version":"2.0.1","scene_name":"TrainingMenuScene","end_time_seconds":"1691188257"}}