{
    "name": "root",
    "gauges": {
        "Flying.Policy.Entropy.mean": {
            "value": 1.009972333908081,
            "min": 1.009972333908081,
            "max": 1.608553409576416,
            "count": 50
        },
        "Flying.Policy.Entropy.sum": {
            "value": 20102.48828125,
            "min": 20052.1328125,
            "max": 32339.3359375,
            "count": 50
        },
        "Flying.Environment.EpisodeLength.mean": {
            "value": 132.88524590163934,
            "min": 15.403481012658228,
            "max": 132.88524590163934,
            "count": 3
        },
        "Flying.Environment.EpisodeLength.sum": {
            "value": 8106.0,
            "min": 4945.0,
            "max": 9735.0,
            "count": 3
        },
        "Flying.Step.mean": {
            "value": 999951.0,
            "min": 19967.0,
            "max": 999951.0,
            "count": 50
        },
        "Flying.Step.sum": {
            "value": 999951.0,
            "min": 19967.0,
            "max": 999951.0,
            "count": 50
        },
        "Flying.Policy.ExtrinsicValueEstimate.mean": {
            "value": 116.56039428710938,
            "min": 14.238389015197754,
            "max": 116.59110260009766,
            "count": 50
        },
        "Flying.Policy.ExtrinsicValueEstimate.sum": {
            "value": 36366.84375,
            "min": 12985.4111328125,
            "max": 36493.015625,
            "count": 50
        },
        "Flying.Environment.CumulativeReward.mean": {
            "value": 143.58773802782667,
            "min": 12.365432480020047,
            "max": 143.58773802782667,
            "count": 3
        },
        "Flying.Environment.CumulativeReward.sum": {
            "value": 8758.852019697428,
            "min": 4211.805137500167,
            "max": 8758.852019697428,
            "count": 3
        },
        "Flying.Policy.ExtrinsicReward.mean": {
            "value": 143.58773802782667,
            "min": 12.365432480020047,
            "max": 143.58773802782667,
            "count": 3
        },
        "Flying.Policy.ExtrinsicReward.sum": {
            "value": 8758.852019697428,
            "min": 4211.805137500167,
            "max": 8758.852019697428,
            "count": 3
        },
        "Flying.Losses.PolicyLoss.mean": {
            "value": 0.07097650655200459,
            "min": 0.06419385800836608,
            "max": 0.07584495235035622,
            "count": 50
        },
        "Flying.Losses.PolicyLoss.sum": {
            "value": 0.28390602620801836,
            "min": 0.2605802241758082,
            "max": 0.3686716123645763,
            "count": 50
        },
        "Flying.Losses.ValueLoss.mean": {
            "value": 0.0001328989475561657,
            "min": 0.00010716142827125928,
            "max": 105.35114351908366,
            "count": 50
        },
        "Flying.Losses.ValueLoss.sum": {
            "value": 0.0005315957902246628,
            "min": 0.0005315957902246628,
            "max": 421.40457407633465,
            "count": 50
        },
        "Flying.Policy.LearningRate.mean": {
            "value": 3.0819989727000096e-06,
            "min": 3.0819989727000096e-06,
            "max": 0.00029690205103264993,
            "count": 50
        },
        "Flying.Policy.LearningRate.sum": {
            "value": 1.2327995890800038e-05,
            "min": 1.2327995890800038e-05,
            "max": 0.0014566326144557998,
            "count": 50
        },
        "Flying.Policy.Epsilon.mean": {
            "value": 0.1010273,
            "min": 0.1010273,
            "max": 0.19896735000000002,
            "count": 50
        },
        "Flying.Policy.Epsilon.sum": {
            "value": 0.4041092,
            "min": 0.4041092,
            "max": 0.9855442,
            "count": 50
        },
        "Flying.Policy.Beta.mean": {
            "value": 1.5033770000000018e-05,
            "min": 1.5033770000000018e-05,
            "max": 0.0004949400149999999,
            "count": 50
        },
        "Flying.Policy.Beta.sum": {
            "value": 6.013508000000007e-05,
            "min": 6.013508000000007e-05,
            "max": 0.00242916658,
            "count": 50
        },
        "Flying.IsTraining.mean": {
            "value": 1.0,
            "min": 1.0,
            "max": 1.0,
            "count": 50
        },
        "Flying.IsTraining.sum": {
            "value": 1.0,
            "min": 1.0,
            "max": 1.0,
            "count": 50
        }
    },
    "metadata": {
        "timer_format_version": "0.1.0",
        "start_time_seconds": "1691193289",
        "python_version": "3.9.17 (main, Jul  5 2023, 20:41:20) \n[GCC 11.2.0]",
        "command_line_arguments": "/home/joshua/miniconda3/envs/mlAgents/bin/mlagents-learn config/LLL_TFF.yaml --run-id=LLL_TFF_P0TF_1",
        "mlagents_version": "0.30.0",
        "mlagents_envs_version": "0.30.0",
        "communication_protocol_version": "1.5.0",
        "pytorch_version": "1.11.0+cu102",
        "numpy_version": "1.21.2",
        "end_time_seconds": "1691194044"
    },
    "total": 755.1431658670008,
    "count": 1,
    "self": 0.005034793000959326,
    "children": {
        "run_training.setup": {
            "total": 0.008138070999848424,
            "count": 1,
            "self": 0.008138070999848424
        },
        "TrainerController.start_learning": {
            "total": 755.129993003,
            "count": 1,
            "self": 1.2884994518717576,
            "children": {
                "TrainerController._reset_env": {
                    "total": 6.95797909200337,
                    "count": 1,
                    "self": 6.95797909200337
                },
                "TrainerController.advance": {
                    "total": 746.8166209921219,
                    "count": 63205,
                    "self": 1.1987942471387214,
                    "children": {
                        "env_step": {
                            "total": 464.1785142629524,
                            "count": 63205,
                            "self": 392.6049683305864,
                            "children": {
                                "SubprocessEnvManager._take_step": {
                                    "total": 70.82532645726678,
                                    "count": 63205,
                                    "self": 3.8071205360502063,
                                    "children": {
                                        "TorchPolicy.evaluate": {
                                            "total": 67.01820592121658,
                                            "count": 62531,
                                            "self": 67.01820592121658
                                        }
                                    }
                                },
                                "workers": {
                                    "total": 0.7482194750991766,
                                    "count": 63205,
                                    "self": 0.0,
                                    "children": {
                                        "worker_root": {
                                            "total": 753.5750482023723,
                                            "count": 63205,
                                            "is_parallel": true,
                                            "self": 428.50910828512133,
                                            "children": {
                                                "run_training.setup": {
                                                    "total": 0.0,
                                                    "count": 0,
                                                    "is_parallel": true,
                                                    "self": 0.0,