{
    "name": "root",
    "gauges": {
        "Flying.Policy.Entropy.mean": {
            "value": 1.3711268901824951,
            "min": 1.3709101676940918,
            "max": 1.4234156608581543,
            "count": 50
        },
        "Flying.Policy.Entropy.sum": {
            "value": 13689.3310546875,
            "min": 13527.521484375,
            "max": 14707.6923828125,
            "count": 50
        },
        "Flying.Step.mean": {
            "value": 499960.0,
            "min": 9987.0,
            "max": 499960.0,
            "count": 50
        },
        "Flying.Step.sum": {
            "value": 499960.0,
            "min": 9987.0,
            "max": 499960.0,
            "count": 50
        },
        "Flying.Policy.ExtrinsicValueEstimate.mean": {
            "value": -1.0153532028198242,
            "min": -3.413111925125122,
            "max": 100.64027404785156,
            "count": 50
        },
        "Flying.Policy.ExtrinsicValueEstimate.sum": {
            "value": -160.42581176757812,
            "min": -559.7503662109375,
            "max": 19725.494140625,
            "count": 50
        },
        "Flying.Environment.EpisodeLength.mean": {
            "value": 120.5,
            "min": 101.5079365079365,
            "max": 123.22222222222223,
            "count": 50
        },
        "Flying.Environment.EpisodeLength.sum": {
            "value": 1687.0,
            "min": 1448.0,
            "max": 8138.0,
            "count": 50
        },
        "Flying.Environment.CumulativeReward.mean": {
            "value": -10.260646961097207,
            "min": -10.264625472149678,
            "max": -10.029338537010757,
            "count": 50
        },
        "Flying.Environment.CumulativeReward.sum": {
            "value": -143.6490574553609,
            "min": -762.2297288128175,
            "max": -122.85209837555885,
            "count": 50
        },
        "Flying.Policy.ExtrinsicReward.mean": {
            "value": -10.260646961097207,
            "min": -10.264625472149678,
            "max": -10.029338537010757,
            "count": 50
        },
        "Flying.Policy.ExtrinsicReward.sum": {
            "value": -143.6490574553609,
            "min": -762.2297288128175,
            "max": -122.85209837555885,
            "count": 50
        },
        "Flying.Losses.PolicyLoss.mean": {
            "value": 0.09670889527478721,
            "min": 0.08907969402450058,
            "max": 0.13653187946692924,
            "count": 50
        },
        "Flying.Losses.PolicyLoss.sum": {
            "value": 0.19341779054957442,
            "min": 0.17815938804900117,
            "max": 0.32214216588062045,
            "count": 50
        },
        "Flying.Losses.ValueLoss.mean": {
            "value": 0.04398502008492263,
            "min": 0.04185415401540619,
            "max": 1486.884600162506,
            "count": 50
        },
        "Flying.Losses.ValueLoss.sum": {
            "value": 0.08797004016984526,
            "min": 0.08370830803081238,
            "max": 2973.769200325012,
            "count": 50
        },
        "Flying.Policy.LearningRate.mean": {
            "value": 3.4656988448000016e-06,
            "min": 3.4656988448000016e-06,
            "max": 0.00029629320123559995,
            "count": 50
        },
        "Flying.Policy.LearningRate.sum": {
            "value": 6.931397689600003e-06,
            "min": 6.931397689600003e-06,
            "max": 0.0008555358148214,
            "count": 50
        },
        "Flying.Policy.Epsilon.mean": {
            "value": 0.1011552,
            "min": 0.1011552,
            "max": 0.1987644,
            "count": 50
        },
        "Flying.Policy.Epsilon.sum": {
            "value": 0.2023104,
            "min": 0.2023104,
            "max": 0.5851786000000001,
            "count": 50
        },
        "Flying.Policy.Beta.mean": {
            "value": 0.0005000000000000001,
            "min": 0.0005000000000000001,
            "max": 0.0005000000000000001,
            "count": 50
        },
        "Flying.Policy.Beta.sum": {
            "value": 0.0010000000000000002,
            "min": 0.0010000000000000002,
            "max": 0.0015000000000000005,
            "count": 50
        },
        "Flying.IsTraining.mean": {
            "value": 1.0,
            "min": 1.0,
            "max": 1.0,
            "count": 50
        },
        "Flying.IsTraining.sum": {
            "value": 1.0,
            "min": 1.0,
            "max": 1.0,
            "count": 50
        }
    },
    "metadata": {
        "timer_format_version": "0.1.0",
        "start_time_seconds": "1678215124",
        "python_version": "3.9.7 (default, Sep 16 2021, 23:53:23) \n[Clang 12.0.0 ]",
        "command_line_arguments": "/Users/jacklippold/miniforge3/envs/unity-mla/bin/mlagents-learn config/config6.yaml --run-id=KiteRun7-IwasBlindButNow --force",
        "mlagents_version": "0.28.0",
        "mlagents_envs_version": "0.28.0",
        "communication_protocol_version": "1.5.0",
        "pytorch_version": "1.8.0.post3",
        "numpy_version": "1.23.1",
        "end_time_seconds": "1678215536"
    },
    "total": 411.51555908299997,
    "count": 1,
    "self": 0.0035363329999995585,
    "children": {
        "run_training.setup": {
            "total": 0.015377792000000001,
            "count": 1,
            "self": 0.015377792000000001
        },
        "TrainerController.start_learning": {
            "total": 411.496644958,
            "count": 1,
            "self": 0.5053870699979939,
            "children": {
                "TrainerController._reset_env": {
                    "total": 5.821393917,
                    "count": 1,
                    "self": 5.821393917
                },
                "TrainerController.advance": {
                    "total": 405.14999693000203,
                    "count": 42580,
                    "self": 0.46006028099617424,
                    "children": {
                        "env_step": {
                            "total": 333.46624168600175,
                            "count": 42580,
                            "self": 318.2563499350058,
                            "children": {
                                "SubprocessEnvManager._take_step": {
                                    "total": 14.858082396998535,
                                    "count": 42580,
                                    "self": 1.2108102899964415,
                                    "children": {
                                        "TorchPolicy.evaluate": {
                                            "total": 13.647272107002093,
                                            "count": 41690,
                                            "self": 2.7707883860027565,
                                            "children": {
                                                "TorchPolicy.sample_actions": {
                                                    "total": 10.876483720999337,
                                                    "count": 41690,
                                                    "self": 10.876483720999337
                                                }
                                            }
                                        }
                                    }
                                },
                                "workers": {
                                    "total": 0.35180935399739877,
                                    "count": 42580,
                                    "self": 0.0,
                                    "children": {
                                        "worker_root": {
                                            "total": 404.94550136300074,
                                            "count": 42580,
                                            "is_parallel": true,
                                            "self": 112.50761980999766,