{
    "name": "root",
    "gauges": {
        "Flying.Policy.Entropy.mean": {
            "value": 1.2956818342208862,
            "min": 1.2956818342208862,
            "max": 1.4494516849517822,
            "count": 50
        },
        "Flying.Policy.Entropy.sum": {
            "value": 12936.087890625,
            "min": 12936.087890625,
            "max": 14654.234375,
            "count": 50
        },
        "Flying.Environment.EpisodeLength.mean": {
            "value": 3137.0,
            "min": 91.77142857142857,
            "max": 4289.333333333333,
            "count": 24
        },
        "Flying.Environment.EpisodeLength.sum": {
            "value": 3137.0,
            "min": 591.0,
            "max": 50568.0,
            "count": 24
        },
        "Flying.Step.mean": {
            "value": 499964.0,
            "min": 9997.0,
            "max": 499964.0,
            "count": 50
        },
        "Flying.Step.sum": {
            "value": 499964.0,
            "min": 9997.0,
            "max": 499964.0,
            "count": 50
        },
        "Flying.Policy.ExtrinsicValueEstimate.mean": {
            "value": 1.6014333963394165,
            "min": -22.88726234436035,
            "max": 2.00264310836792,
            "count": 50
        },
        "Flying.Policy.ExtrinsicValueEstimate.sum": {
            "value": 249.8236083984375,
            "min": -4989.42333984375,
            "max": 312.4123229980469,
            "count": 50
        },
        "Flying.Environment.CumulativeReward.mean": {
            "value": 27.38945460319519,
            "min": -10.853087107585349,
            "max": 61.37459718957543,
            "count": 24
        },
        "Flying.Environment.CumulativeReward.sum": {
            "value": 27.38945460319519,
            "min": -1076.0247074756771,
            "max": 370.7787816300988,
            "count": 24
        },
        "Flying.Policy.ExtrinsicReward.mean": {
            "value": 27.38945460319519,
            "min": -10.853087107585349,
            "max": 61.37459718957543,
            "count": 24
        },
        "Flying.Policy.ExtrinsicReward.sum": {
            "value": 27.38945460319519,
            "min": -1076.0247074756771,
            "max": 370.7787816300988,
            "count": 24
        },
        "Flying.Losses.PolicyLoss.mean": {
            "value": 0.09709106067983578,
            "min": 0.090667711586381,
            "max": 0.35887240963832784,
            "count": 50
        },
        "Flying.Losses.PolicyLoss.sum": {
            "value": 0.19418212135967156,
            "min": 0.181335423172762,
            "max": 0.8685503713059006,
            "count": 50
        },
        "Flying.Losses.ValueLoss.mean": {
            "value": 0.04714306701117983,
            "min": 0.03984291575148574,
            "max": 47.918622713536024,
            "count": 50
        },
        "Flying.Losses.ValueLoss.sum": {
            "value": 0.09428613402235966,
            "min": 0.08943232339209853,
            "max": 95.83724542707205,
            "count": 50
        },
        "Flying.Policy.LearningRate.mean": {
            "value": 2.498499167200001e-06,
            "min": 2.498499167200001e-06,
            "max": 0.00029627790124069997,
            "count": 50
        },
        "Flying.Policy.LearningRate.sum": {
            "value": 4.996998334400002e-06,
            "min": 4.996998334400002e-06,
            "max": 0.0008555088148304,
            "count": 50
        },
        "Flying.Policy.Epsilon.mean": {
            "value": 0.10083280000000001,
            "min": 0.10083280000000001,
            "max": 0.19875929999999997,
            "count": 50
        },
        "Flying.Policy.Epsilon.sum": {
            "value": 0.20166560000000003,
            "min": 0.20166560000000003,
            "max": 0.5851696,
            "count": 50
        },
        "Flying.Policy.Beta.mean": {
            "value": 0.0005000000000000001,
            "min": 0.0005000000000000001,
            "max": 0.0005000000000000001,
            "count": 50
        },
        "Flying.Policy.Beta.sum": {
            "value": 0.0010000000000000002,
            "min": 0.0010000000000000002,
            "max": 0.0015000000000000005,
            "count": 50
        },
        "Flying.IsTraining.mean": {
            "value": 1.0,
            "min": 1.0,
            "max": 1.0,
            "count": 50
        },
        "Flying.IsTraining.sum": {
            "value": 1.0,
            "min": 1.0,
            "max": 1.0,
            "count": 50
        }
    },
    "metadata": {
        "timer_format_version": "0.1.0",
        "start_time_seconds": "1678216180",
        "python_version": "3.9.7 (default, Sep 16 2021, 23:53:23) \n[Clang 12.0.0 ]",
        "command_line_arguments": "/Users/jacklippold/miniforge3/envs/unity-mla/bin/mlagents-learn config/config8.yaml --run-id=KiteRun8-NotBlind",
        "mlagents_version": "0.28.0",
        "mlagents_envs_version": "0.28.0",
        "communication_protocol_version": "1.5.0",
        "pytorch_version": "1.8.0.post3",
        "numpy_version": "1.23.1",
        "end_time_seconds": "1678216618"
    },
    "total": 437.571551541,
    "count": 1,
    "self": 0.004387415999985933,
    "children": {
        "run_training.setup": {
            "total": 0.017753125000000036,
            "count": 1,
            "self": 0.017753125000000036
        },
        "TrainerController.start_learning": {
            "total": 437.549411,
            "count": 1,
            "self": 0.5073687559957989,
            "children": {
                "TrainerController._reset_env": {
                    "total": 7.061986041,
                    "count": 1,
                    "self": 7.061986041
                },
                "TrainerController.advance": {
                    "total": 429.95334057800414,
                    "count": 42176,
                    "self": 0.43588141000952874,
                    "children": {
                        "env_step": {
                            "total": 331.5193376059968,
                            "count": 42176,
                            "self": 310.7839830129925,
                            "children": {
                                "SubprocessEnvManager._take_step": {
                                    "total": 20.39128547599883,
                                    "count": 42176,
                                    "self": 1.1877842300010037,
                                    "children": {
                                        "TorchPolicy.evaluate": {
                                            "total": 19.203501245997828,
                                            "count": 41703,
                                            "self": 2.617944596000285,
                                            "children": {
                                                "TorchPolicy.sample_actions": {
                                                    "total": 16.585556649997542,
                                                    "count": 41703,
                                                    "self": 16.585556649997542
                                                }
                                            }
                                        }
                                    }
                                },
                                "workers": {
                                    "total": 0.34406911700541265,
                                    "count": 42176,
                                    "self": 0.0,
                                    "children": {
                                        "worker_root": {
                                            "total": 429.70566058500043,
                                            "count": 42176,
                                            "is_parallel": true,
                                            "self": 144.22644861800245,