{
    "name": "root",
    "gauges": {
        "Flying.Policy.Entropy.mean": {
            "value": 1.2542684078216553,
            "min": 1.2542684078216553,
            "max": 1.429610013961792,
            "count": 50
        },
        "Flying.Policy.Entropy.sum": {
            "value": 12602.888671875,
            "min": 12460.841796875,
            "max": 14694.46875,
            "count": 50
        },
        "Flying.Step.mean": {
            "value": 499951.0,
            "min": 9947.0,
            "max": 499951.0,
            "count": 50
        },
        "Flying.Step.sum": {
            "value": 499951.0,
            "min": 9947.0,
            "max": 499951.0,
            "count": 50
        },
        "Flying.Policy.ExtrinsicValueEstimate.mean": {
            "value": 115.11761474609375,
            "min": -4.668649196624756,
            "max": 119.39808654785156,
            "count": 50
        },
        "Flying.Policy.ExtrinsicValueEstimate.sum": {
            "value": 17958.34765625,
            "min": -961.74169921875,
            "max": 18745.5,
            "count": 50
        },
        "Flying.Environment.EpisodeLength.mean": {
            "value": 476.57142857142856,
            "min": 83.02727272727273,
            "max": 476.57142857142856,
            "count": 6
        },
        "Flying.Environment.EpisodeLength.sum": {
            "value": 3336.0,
            "min": 3336.0,
            "max": 9832.0,
            "count": 6
        },
        "Flying.Environment.CumulativeReward.mean": {
            "value": 435.1292494365147,
            "min": 58.12690301808444,
            "max": 435.1292494365147,
            "count": 6
        },
        "Flying.Environment.CumulativeReward.sum": {
            "value": 3045.904746055603,
            "min": 3045.904746055603,
            "max": 7443.994304895401,
            "count": 6
        },
        "Flying.Policy.ExtrinsicReward.mean": {
            "value": 435.1292494365147,
            "min": 58.12690301808444,
            "max": 435.1292494365147,
            "count": 6
        },
        "Flying.Policy.ExtrinsicReward.sum": {
            "value": 3045.904746055603,
            "min": 3045.904746055603,
            "max": 7443.994304895401,
            "count": 6
        },
        "Flying.Losses.PolicyLoss.mean": {
            "value": 0.0695764079791843,
            "min": 0.05770151260124597,
            "max": 0.09134871463902527,
            "count": 50
        },
        "Flying.Losses.PolicyLoss.sum": {
            "value": 0.1391528159583686,
            "min": 0.11540302520249195,
            "max": 0.22846495730724808,
            "count": 50
        },
        "Flying.Losses.ValueLoss.mean": {
            "value": 0.4227040549740195,
            "min": 0.1853341868457695,
            "max": 61.13670206069946,
            "count": 50
        },
        "Flying.Losses.ValueLoss.sum": {
            "value": 0.845408109948039,
            "min": 0.370668373691539,
            "max": 122.27340412139893,
            "count": 50
        },
        "Flying.Policy.LearningRate.mean": {
            "value": 0.00029258569747143493,
            "min": 0.00029258569747143493,
            "max": 0.00029990748753083745,
            "count": 50
        },
        "Flying.Policy.LearningRate.sum": {
            "value": 0.0005851713949428699,
            "min": 0.0005851713949428699,
            "max": 0.0008988851553716149,
            "count": 50
        },
        "Flying.Policy.Epsilon.mean": {
            "value": 0.19752856500000002,
            "min": 0.19752856500000002,
            "max": 0.1999691625,
            "count": 50
        },
        "Flying.Policy.Epsilon.sum": {
            "value": 0.39505713000000003,
            "min": 0.39505713000000003,
            "max": 0.5996283849999999,
            "count": 50
        },
        "Flying.Policy.Beta.mean": {
            "value": 0.0005000000000000001,
            "min": 0.0005000000000000001,
            "max": 0.0005000000000000001,
            "count": 50
        },
        "Flying.Policy.Beta.sum": {
            "value": 0.0010000000000000002,
            "min": 0.0010000000000000002,
            "max": 0.0015000000000000005,
            "count": 50
        },
        "Flying.IsTraining.mean": {
            "value": 1.0,
            "min": 1.0,
            "max": 1.0,
            "count": 50
        },
        "Flying.IsTraining.sum": {
            "value": 1.0,
            "min": 1.0,
            "max": 1.0,
            "count": 50
        }
    },
    "metadata": {
        "timer_format_version": "0.1.0",
        "start_time_seconds": "1681341335",
        "python_version": "3.9.7 (default, Sep 16 2021, 23:53:23) \n[Clang 12.0.0 ]",
        "command_line_arguments": "/Users/jacklippold/miniforge3/envs/unity-mla/bin/mlagents-learn config/config12.yaml --run-id=Jack-mode-left-1",
        "mlagents_version": "0.28.0",
        "mlagents_envs_version": "0.28.0",
        "communication_protocol_version": "1.5.0",
        "pytorch_version": "1.8.0.post3",
        "numpy_version": "1.23.1",
        "end_time_seconds": "1681341847"
    },
    "total": 511.7299815,
    "count": 1,
    "self": 10.007328458000018,
    "children": {
        "run_training.setup": {
            "total": 0.020962291999999993,
            "count": 1,
            "self": 0.020962291999999993
        },
        "TrainerController.start_learning": {
            "total": 501.70169075,
            "count": 1,
            "self": 0.4102948429948583,
            "children": {
                "TrainerController._reset_env": {
                    "total": 6.785000333,
                    "count": 1,
                    "self": 6.785000333
                },
                "TrainerController.advance": {
                    "total": 494.3529003660051,
                    "count": 33521,
                    "self": 0.34699202500098636,
                    "children": {
                        "env_step": {
                            "total": 378.08807323000127,
                            "count": 33521,
                            "self": 353.4028138460044,
                            "children": {
                                "SubprocessEnvManager._take_step": {
                                    "total": 24.42354927699878,
                                    "count": 33522,
                                    "self": 1.0505380259992663,
                                    "children": {
                                        "TorchPolicy.evaluate": {
                                            "total": 23.373011250999514,
                                            "count": 32832,
                                            "self": 2.1810135210005086,
                                            "children": {
                                                "TorchPolicy.sample_actions": {
                                                    "total": 21.191997729999006,
                                                    "count": 32832,
                                                    "self": 21.191997729999006
                                                }
                                            }
                                        }
                                    }
                                },
                                "workers": {
                                    "total": 0.26171010699811514,
                                    "count": 33520,
                                    "self": 0.0,
                                    "children": {
                                        "worker_root": {
                                            "total": 457.64176100000077,
                                            "count": 33520,
                                            "is_parallel": true,
                                            "self": 163.49419719400038,