{
    "name": "root",
    "gauges": {
        "Flying.Policy.Entropy.mean": {
            "value": 1.4349174499511719,
            "min": 1.4349174499511719,
            "max": 1.4349174499511719,
            "count": 1
        },
        "Flying.Policy.Entropy.sum": {
            "value": 15726.6953125,
            "min": 15726.6953125,
            "max": 15726.6953125,
            "count": 1
        },
        "Flying.Step.mean": {
            "value": 9963.0,
            "min": 9963.0,
            "max": 9963.0,
            "count": 1
        },
        "Flying.Step.sum": {
            "value": 9963.0,
            "min": 9963.0,
            "max": 9963.0,
            "count": 1
        },
        "Flying.Policy.ExtrinsicValueEstimate.mean": {
            "value": -2.1348724365234375,
            "min": -2.1348724365234375,
            "max": -2.1348724365234375,
            "count": 1
        },
        "Flying.Policy.ExtrinsicValueEstimate.sum": {
            "value": -420.56988525390625,
            "min": -420.56988525390625,
            "max": -420.56988525390625,
            "count": 1
        },
        "Flying.Environment.EpisodeLength.mean": {
            "value": 138.671875,
            "min": 138.671875,
            "max": 138.671875,
            "count": 1
        },
        "Flying.Environment.EpisodeLength.sum": {
            "value": 8875.0,
            "min": 8875.0,
            "max": 8875.0,
            "count": 1
        },
        "Flying.Environment.CumulativeReward.mean": {
            "value": -29.811295612715185,
            "min": -29.811295612715185,
            "max": -29.811295612715185,
            "count": 1
        },
        "Flying.Environment.CumulativeReward.sum": {
            "value": -1907.9229192137718,
            "min": -1907.9229192137718,
            "max": -1907.9229192137718,
            "count": 1
        },
        "Flying.Policy.ExtrinsicReward.mean": {
            "value": -29.811295612715185,
            "min": -29.811295612715185,
            "max": -29.811295612715185,
            "count": 1
        },
        "Flying.Policy.ExtrinsicReward.sum": {
            "value": -1907.9229192137718,
            "min": -1907.9229192137718,
            "max": -1907.9229192137718,
            "count": 1
        },
        "Flying.Losses.PolicyLoss.mean": {
            "value": 0.24736230681554822,
            "min": 0.24736230681554822,
            "max": 0.24736230681554822,
            "count": 1
        },
        "Flying.Losses.PolicyLoss.sum": {
            "value": 0.49472461363109643,
            "min": 0.49472461363109643,
            "max": 0.49472461363109643,
            "count": 1
        },
        "Flying.Losses.ValueLoss.mean": {
            "value": 17.907289896255882,
            "min": 17.907289896255882,
            "max": 17.907289896255882,
            "count": 1
        },
        "Flying.Losses.ValueLoss.sum": {
            "value": 35.814579792511765,
            "min": 35.814579792511765,
            "max": 35.814579792511765,
            "count": 1
        },
        "Flying.Policy.LearningRate.mean": {
            "value": 0.00029810460063179993,
            "min": 0.00029810460063179993,
            "max": 0.00029810460063179993,
            "count": 1
        },
        "Flying.Policy.LearningRate.sum": {
            "value": 0.0005962092012635999,
            "min": 0.0005962092012635999,
            "max": 0.0005962092012635999,
            "count": 1
        },
        "Flying.Policy.Epsilon.mean": {
            "value": 0.1993682,
            "min": 0.1993682,
            "max": 0.1993682,
            "count": 1
        },
        "Flying.Policy.Epsilon.sum": {
            "value": 0.3987364,
            "min": 0.3987364,
            "max": 0.3987364,
            "count": 1
        },
        "Flying.Policy.Beta.mean": {
            "value": 0.0005000000000000001,
            "min": 0.0005000000000000001,
            "max": 0.0005000000000000001,
            "count": 1
        },
        "Flying.Policy.Beta.sum": {
            "value": 0.0010000000000000002,
            "min": 0.0010000000000000002,
            "max": 0.0010000000000000002,
            "count": 1
        },
        "Flying.IsTraining.mean": {
            "value": 1.0,
            "min": 1.0,
            "max": 1.0,
            "count": 1
        },
        "Flying.IsTraining.sum": {
            "value": 1.0,
            "min": 1.0,
            "max": 1.0,
            "count": 1
        }
    },
    "metadata": {
        "timer_format_version": "0.1.0",
        "start_time_seconds": "1678458551",
        "python_version": "3.9.7 (default, Sep 16 2021, 23:53:23) \n[Clang 12.0.0 ]",
        "command_line_arguments": "/Users/jacklippold/miniforge3/envs/unity-mla/bin/mlagents-learn config/config10.yaml --run-id=KiteRun17-Uni",
        "mlagents_version": "0.28.0",
        "mlagents_envs_version": "0.28.0",
        "communication_protocol_version": "1.5.0",
        "pytorch_version": "1.8.0.post3",
        "numpy_version": "1.23.1",
        "end_time_seconds": "1678458625"
    },
    "total": 74.0614215,
    "count": 1,
    "self": 0.003480582999998205,
    "children": {
        "run_training.setup": {
            "total": 0.05716458399999996,
            "count": 1,
            "self": 0.05716458399999996
        },
        "TrainerController.start_learning": {
            "total": 74.00077633299999,
            "count": 1,
            "self": 0.008330027999988943,
            "children": {
                "TrainerController._reset_env": {
                    "total": 4.412330625,
                    "count": 1,
                    "self": 4.412330625
                },
                "TrainerController.advance": {
                    "total": 69.49708093000001,
                    "count": 779,
                    "self": 0.007533799999990265,
                    "children": {
                        "env_step": {
                            "total": 67.767580171,
                            "count": 779,
                            "self": 67.18196187299998,
                            "children": {
                                "SubprocessEnvManager._take_step": {
                                    "total": 0.5801742920000263,
                                    "count": 779,
                                    "self": 0.021942705000015827,
                                    "children": {
                                        "TorchPolicy.evaluate": {
                                            "total": 0.5582315870000105,
                                            "count": 737,
                                            "self": 0.04585463199999573,
                                            "children": {
                                                "TorchPolicy.sample_actions": {
                                                    "total": 0.5123769550000148,
                                                    "count": 737,
                                                    "self": 0.5123769550000148
                                                }
                                            }
                                        }
                                    }
                                },
                                "workers": {
                                    "total": 0.005444006000005608,
                                    "count": 778,
                                    "self": 0.0,
                                    "children": {
                                        "worker_root": {
                                            "total": 8.922596803999994,
                                            "count": 778,
                                            "is_parallel": true,
                                            "self": 2.809485282000007,